Response_ID,Age,Gender,Area_Type,Travel_Time,Lighting_Importance,Police_Importance,Hospital_Importance,Crowd_Importance,Crime_Importance,Accident_Importance,Road_Importance
1,53,Male,Semi-Urban,Afternoon,2,4,5,2,5,2,5
2,18,Male,Urban,Evening,3,2,2,5,4,2,5
3,51,Male,Semi-Urban,Night,3,2,4,2,5,4,5
4,25,Male,Urban,Afternoon,5,3,4,3,5,2,2
5,44,Female,Urban,Evening,4,2,4,3,5,2,5
6,31,Male,Urban,Afternoon,3,2,4,5,3,4,2
7,42,Male,Urban,Evening,4,3,4,4,5,4,5
8,57,Male,Urban,Morning,3,3,4,3,3,2,3
9,20,Male,Suburban,Morning,5,2,3,1,5,5,5
10,38,Male,Semi-Urban,Afternoon,4,3,3,2,3,3,2
11,44,Female,Semi-Urban,Night,4,2,5,2,4,5,5
12,50,Male,Urban,Evening,4,4,5,3,5,2,5
13,42,Male,Suburban,Afternoon,4,4,3,2,3,5,5
14,57,Female,Urban,Evening,5,5,4,5,5,3,5
15,54,Male,Suburban,Evening,5,2,4,1,3,3,5
16,35,Male,Semi-Urban,Evening,3,3,5,3,3,5,5
17,21,Female,Semi-Urban,Night,4,4,3,2,5,2,4
18,54,Male,Urban,Night,3,2,4,5,5,3,5
19,47,Male,Urban,Afternoon,3,3,3,3,4,2,5
20,23,Male,Suburban,Evening,2,3,3,3,5,3,5
21,52,Male,Semi-Urban,Evening,3,3,5,3,4,5,5
22,54,Female,Urban,Evening,3,3,5,5,3,4,3
23,18,Male,Urban,Afternoon,3,3,3,5,4,3,5
24,29,Male,Urban,Morning,5,4,5,4,5,5,3
25,46,Male,Suburban,Morning,5,3,4,3,3,4,4
26,22,Female,Suburban,Evening,4,3,5,4,4,4,5
27,27,Male,Urban,Evening,5,2,3,3,5,4,5
28,50,Male,Semi-Urban,Evening,3,3,5,2,3,2,4
29,36,Male,Urban,Evening,4,5,2,3,5,3,3
30,56,Female,Urban,Night,5,3,3,3,5,5,3
31,24,Male,Urban,Evening,5,4,4,2,5,4,4
32,59,Female,Urban,Afternoon,3,4,3,3,5,2,4
33,28,Male,Urban,Afternoon,3,5,4,3,4,4,3
34,56,Male,Urban,Morning,2,3,3,4,5,2,4
35,37,Male,Urban,Afternoon,2,2,3,5,5,5,5
36,43,Female,Semi-Urban,Afternoon,3,5,5,4,4,3,4
37,29,Female,Suburban,Evening,5,5,3,2,5,3,5
38,29,Female,Urban,Afternoon,5,4,3,5,5,5,2
39,21,Female,Urban,Morning,3,4,5,4,5,3,2
40,57,Female,Urban,Afternoon,3,2,5,4,4,4,4
41,49,Female,Urban,Morning,3,5,3,5,4,2,5
42,41,Female,Urban,Morning,4,4,4,2,5,5,5
43,35,Female,Semi-Urban,Morning,2,3,5,3,5,2,2
44,45,Male,Suburban,Afternoon,2,5,3,4,4,5,5
45,21,Male,Urban,Evening,5,4,2,4,4,2,2
46,37,Female,Suburban,Afternoon,2,2,5,4,4,4,5
47,34,Female,Urban,Evening,5,3,5,5,4,2,2
48,20,Male,Urban,Afternoon,5,2,5,4,4,3,5
49,32,Female,Suburban,Evening,5,2,4,2,5,2,3
50,23,Female,Urban,Evening,5,5,5,5,5,4,3
51,34,Male,Suburban,Evening,4,4,3,4,4,3,5
52,49,Female,Urban,Evening,2,3,4,4,5,5,5
53,24,Male,Urban,Night,5,3,5,3,5,3,2
54,25,Male,Urban,Afternoon,4,4,5,5,5,3,4
55,27,Male,Urban,Morning,3,3,2,3,5,5,2
56,55,Female,Semi-Urban,Night,5,3,3,4,5,4,5
57,44,Male,Urban,Night,4,2,5,4,5,3,4
58,34,Female,Suburban,Night,5,5,5,1,4,3,4
59,44,Male,Urban,Morning,4,2,3,4,5,2,5
60,19,Female,Urban,Night,5,3,2,2,5,5,3
61,28,Female,Urban,Morning,3,5,4,4,5,5,5
62,58,Female,Urban,Evening,5,5,5,5,5,5,4
63,23,Female,Urban,Night,4,3,3,2,5,5,4
64,35,Male,Urban,Night,4,2,4,4,4,2,2
65,39,Female,Urban,Evening,3,4,5,3,4,2,5
66,29,Female,Urban,Afternoon,3,4,5,4,5,5,3
67,40,Female,Urban,Evening,5,4,2,4,4,4,2
68,41,Male,Urban,Afternoon,5,3,5,5,4,3,5
69,52,Female,Semi-Urban,Morning,4,3,3,5,5,5,5
70,40,Male,Urban,Afternoon,2,4,5,5,4,5,3
71,39,Male,Urban,Evening,3,3,4,5,3,2,5
72,52,Female,Suburban,Morning,5,3,5,3,5,2,5
73,55,Female,Urban,Afternoon,5,5,3,3,3,3,4
74,27,Female,Urban,Evening,4,3,3,5,4,4,4
75,36,Male,Urban,Afternoon,2,3,2,4,3,3,5
76,51,Male,Urban,Evening,4,2,3,3,5,3,5
77,36,Female,Semi-Urban,Morning,3,4,5,3,5,2,2
78,46,Male,Urban,Morning,2,3,3,3,5,3,3
79,53,Female,Suburban,Morning,2,2,5,2,5,4,5
80,56,Female,Urban,Afternoon,2,5,5,2,5,2,5
81,21,Female,Semi-Urban,Night,5,4,3,2,5,4,5
82,26,Female,Urban,Evening,5,2,4,3,5,3,2
83,25,Female,Semi-Urban,Night,5,2,2,4,5,2,5
84,18,Male,Semi-Urban,Afternoon,5,5,5,5,3,5,3
85,34,Female,Semi-Urban,Morning,3,5,5,3,5,3,3
86,31,Male,Urban,Evening,5,4,3,3,3,2,5
87,34,Female,Urban,Evening,3,5,2,3,4,4,3
88,55,Male,Semi-Urban,Morning,5,4,4,3,4,3,5
89,20,Male,Urban,Evening,2,4,3,5,3,5,4
90,55,Female,Semi-Urban,Morning,5,2,4,5,3,4,3
91,18,Female,Urban,Afternoon,5,4,5,5,4,2,5
92,45,Male,Urban,Morning,3,4,3,5,3,2,5
93,54,Male,Urban,Evening,2,5,3,3,4,4,4
94,54,Male,Urban,Afternoon,3,5,5,5,5,3,4
95,31,Male,Urban,Evening,4,3,4,5,3,5,2
96,37,Female,Urban,Night,4,2,3,3,5,4,3
97,38,Male,Urban,Afternoon,3,2,3,3,5,2,2
98,49,Female,Semi-Urban,Morning,3,4,5,2,4,2,5
99,35,Female,Suburban,Afternoon,5,5,4,2,5,4,5
100,57,Female,Suburban,Evening,3,4,4,1,4,2,5
101,38,Female,Urban,Evening,4,3,3,2,3,3,3
102,41,Male,Semi-Urban,Night,5,3,5,3,4,5,5
103,26,Female,Urban,Morning,5,5,4,5,5,5,4
104,49,Female,Urban,Evening,4,3,5,3,5,4,4
105,23,Male,Semi-Urban,Afternoon,2,4,5,2,3,4,2
106,24,Male,Semi-Urban,Evening,3,2,5,5,5,5,5
107,27,Female,Urban,Night,5,4,2,5,5,4,3
108,20,Female,Urban,Evening,5,2,2,5,5,4,4
109,23,Male,Urban,Evening,3,5,2,5,5,5,2
110,51,Female,Semi-Urban,Evening,4,2,3,3,3,5,5
111,22,Female,Urban,Afternoon,5,3,3,3,5,2,4
112,45,Male,Semi-Urban,Evening,2,3,5,3,4,4,3
113,39,Male,Urban,Afternoon,2,5,3,3,5,4,5
114,34,Female,Semi-Urban,Night,5,4,5,4,5,4,2
115,20,Male,Suburban,Evening,4,3,3,4,4,3,4
116,32,Male,Urban,Night,5,3,3,5,5,3,2
117,48,Male,Urban,Afternoon,3,2,5,5,5,2,5
118,43,Male,Urban,Morning,5,3,3,4,5,4,4
119,44,Female,Semi-Urban,Afternoon,4,2,5,3,3,3,4
120,23,Male,Suburban,Evening,3,2,2,4,5,4,5
121,24,Male,Urban,Afternoon,4,5,5,5,3,2,5
122,49,Female,Suburban,Night,4,2,5,1,5,3,5
123,29,Female,Suburban,Evening,4,3,3,4,3,2,3
124,58,Male,Semi-Urban,Evening,5,3,5,4,3,5,5
125,32,Male,Urban,Evening,5,5,3,3,5,2,4
126,46,Female,Suburban,Morning,3,5,4,3,4,4,4
127,29,Female,Urban,Evening,5,5,2,2,5,3,3
128,23,Male,Suburban,Afternoon,2,5,2,4,3,5,5
129,19,Female,Semi-Urban,Morning,4,4,5,5,5,3,2
130,52,Female,Urban,Afternoon,5,2,5,5,5,2,5
131,21,Male,Suburban,Morning,4,4,2,4,4,4,3
132,31,Male,Urban,Night,3,3,4,2,5,4,4
133,24,Female,Urban,Evening,5,5,2,3,5,3,4
134,19,Male,Urban,Afternoon,5,3,2,5,5,5,4
135,43,Female,Semi-Urban,Afternoon,5,3,4,3,3,2,5
136,39,Female,Urban,Evening,2,4,2,5,4,4,2
137,39,Male,Semi-Urban,Morning,2,3,2,3,5,4,4
138,36,Female,Suburban,Afternoon,2,4,4,3,5,4,5
139,58,Female,Urban,Night,4,2,4,3,5,3,3
140,33,Male,Urban,Morning,4,4,3,5,4,2,5
141,59,Male,Suburban,Night,5,5,4,1,5,5,5
142,34,Male,Semi-Urban,Afternoon,4,2,3,5,5,3,4
143,44,Female,Semi-Urban,Evening,3,2,5,4,4,4,4
144,42,Female,Urban,Afternoon,4,3,4,4,5,5,4
145,46,Male,Urban,Morning,3,2,5,5,5,4,4
146,24,Male,Semi-Urban,Afternoon,5,4,5,2,4,5,5
147,54,Female,Urban,Morning,5,5,4,4,5,3,5
148,42,Male,Urban,Night,3,3,5,4,5,5,3
149,34,Male,Semi-Urban,Evening,2,5,5,4,4,2,2
150,53,Female,Urban,Night,5,5,4,5,5,2,3
151,59,Female,Urban,Night,5,5,3,4,5,3,5
152,38,Female,Semi-Urban,Evening,3,3,3,5,5,4,3
153,50,Male,Urban,Afternoon,4,2,5,4,4,5,3
154,19,Female,Urban,Evening,3,3,4,3,5,2,5
155,22,Male,Urban,Afternoon,3,5,3,3,5,3,4
156,28,Male,Urban,Evening,5,3,3,5,5,2,5
157,45,Male,Urban,Evening,5,3,3,5,5,4,5
158,57,Female,Suburban,Night,5,5,5,2,4,3,5
159,40,Female,Urban,Night,5,5,3,4,4,3,3
160,47,Female,Urban,Afternoon,3,2,3,2,5,5,4
161,43,Female,Urban,Morning,4,3,3,3,5,3,5
162,39,Male,Urban,Morning,5,2,5,5,3,2,3
163,59,Male,Semi-Urban,Morning,5,4,5,5,3,3,4
164,22,Male,Suburban,Afternoon,4,5,4,4,3,5,5
165,32,Male,Semi-Urban,Evening,3,3,2,2,3,4,4
166,33,Female,Semi-Urban,Afternoon,5,2,2,4,4,3,2
167,27,Female,Urban,Evening,3,3,2,3,5,5,5
168,45,Female,Urban,Morning,2,4,5,3,5,2,4
169,27,Female,Urban,Afternoon,4,4,4,4,5,5,4
170,39,Female,Urban,Morning,5,5,2,4,5,4,2
171,58,Female,Urban,Morning,4,3,3,4,5,3,3
172,21,Male,Suburban,Morning,2,3,4,3,5,2,3
173,56,Female,Semi-Urban,Afternoon,4,5,5,5,4,5,5
174,50,Male,Urban,Night,4,2,3,3,5,3,3
175,52,Male,Urban,Afternoon,2,5,5,5,4,5,5
176,31,Male,Suburban,Afternoon,2,2,5,4,4,3,3
177,59,Female,Urban,Night,5,5,4,3,5,3,5
178,18,Male,Urban,Evening,3,3,4,3,4,3,5
179,34,Female,Semi-Urban,Night,5,2,4,2,5,3,2
180,18,Male,Suburban,Afternoon,5,4,3,1,3,5,5
181,39,Male,Semi-Urban,Morning,3,3,2,3,3,2,5
182,18,Male,Semi-Urban,Morning,4,2,3,3,3,2,2
183,45,Female,Semi-Urban,Night,5,2,5,2,5,5,4
184,38,Male,Semi-Urban,Afternoon,3,2,2,4,4,3,2
185,18,Female,Urban,Night,4,5,2,3,5,3,4
186,49,Male,Urban,Afternoon,3,5,5,4,4,5,5
187,54,Female,Suburban,Morning,5,4,5,2,5,4,5
188,40,Male,Urban,Night,4,2,5,3,5,5,4
189,28,Male,Urban,Night,5,5,2,5,5,4,4
190,41,Female,Urban,Afternoon,3,4,5,5,5,5,5
191,27,Male,Urban,Evening,2,2,5,3,3,4,3
192,21,Male,Semi-Urban,Evening,5,2,2,3,5,2,5
193,24,Female,Urban,Evening,4,4,5,3,5,5,3
194,59,Male,Semi-Urban,Afternoon,2,2,5,3,5,4,5
195,39,Male,Semi-Urban,Afternoon,2,5,2,3,4,5,4
196,44,Male,Urban,Afternoon,3,4,5,5,4,4,5
197,28,Male,Urban,Afternoon,5,2,2,5,5,3,2
198,25,Male,Urban,Afternoon,5,3,2,4,3,2,5
199,54,Female,Urban,Evening,3,2,5,4,4,2,5
200,22,Male,Urban,Night,4,5,3,4,4,3,3
201,40,Female,Urban,Afternoon,2,2,2,3,3,4,4
202,28,Male,Urban,Morning,2,4,4,4,5,5,5
203,25,Male,Urban,Morning,4,5,4,5,5,5,4
204,50,Male,Urban,Night,4,4,3,3,5,2,3
205,35,Female,Semi-Urban,Afternoon,5,3,3,3,3,4,3
206,57,Female,Semi-Urban,Morning,4,3,5,3,5,2,4
207,56,Male,Urban,Afternoon,3,4,4,3,3,5,3
208,59,Male,Semi-Urban,Night,5,2,3,2,5,5,5
209,51,Male,Suburban,Morning,4,4,5,4,5,3,4
210,28,Female,Suburban,Evening,3,3,4,2,5,5,5
211,51,Female,Suburban,Evening,3,5,5,4,5,5,5
212,54,Female,Urban,Evening,5,2,3,5,3,5,5
213,25,Male,Urban,Night,4,2,2,3,5,4,5
214,22,Female,Urban,Night,4,4,2,3,5,5,5
215,56,Female,Suburban,Evening,5,4,3,1,4,2,5
216,19,Male,Urban,Morning,3,3,4,4,3,2,2
217,41,Female,Semi-Urban,Afternoon,5,4,5,3,5,3,3
218,19,Female,Urban,Evening,5,2,4,3,5,5,3
219,40,Female,Urban,Evening,4,3,3,3,5,2,2
220,58,Male,Urban,Afternoon,3,3,5,4,3,4,5
221,26,Female,Suburban,Evening,2,5,5,4,5,2,5
222,21,Male,Urban,Night,3,2,2,3,5,3,3
223,49,Female,Urban,Afternoon,5,5,4,3,5,5,5
224,46,Male,Urban,Morning,2,5,4,4,4,3,3
225,47,Male,Semi-Urban,Afternoon,5,2,3,5,4,3,5
226,30,Male,Urban,Night,5,4,4,2,5,2,3
227,18,Male,Urban,Morning,4,2,5,4,4,3,3
228,28,Male,Urban,Morning,5,2,3,3,4,2,5
229,37,Male,Urban,Night,4,2,4,5,5,3,5
230,49,Female,Urban,Evening,5,4,3,5,5,2,4
231,33,Female,Semi-Urban,Afternoon,4,5,4,4,5,5,4
232,50,Male,Suburban,Evening,4,5,4,1,4,2,5
233,28,Male,Urban,Afternoon,2,5,3,5,4,2,2
234,39,Male,Urban,Morning,5,2,3,5,5,2,5
235,59,Male,Urban,Evening,4,2,3,4,4,5,5
236,24,Male,Urban,Evening,4,4,4,3,4,3,5
237,48,Female,Urban,Night,4,3,4,4,5,2,5
238,55,Female,Urban,Afternoon,3,2,3,4,5,5,4
239,38,Male,Urban,Night,4,3,5,3,4,2,2
240,50,Female,Urban,Evening,5,2,5,4,4,4,3
241,30,Female,Semi-Urban,Evening,5,2,5,2,3,3,2
242,59,Female,Suburban,Evening,2,2,5,4,4,2,5
243,59,Male,Urban,Morning,2,4,4,3,4,5,5
244,28,Male,Urban,Evening,4,4,3,5,5,5,3
245,45,Male,Semi-Urban,Evening,2,5,5,3,4,5,5
246,44,Male,Urban,Afternoon,2,2,5,5,4,5,5
247,27,Female,Urban,Afternoon,3,5,5,3,5,4,3
248,31,Male,Suburban,Evening,4,2,3,2,3,5,5
249,56,Male,Urban,Afternoon,2,2,3,4,4,4,4
250,38,Male,Semi-Urban,Morning,3,5,3,3,3,2,2
251,55,Female,Urban,Evening,2,5,4,4,5,3,5
252,26,Male,Suburban,Evening,5,5,3,2,3,2,5
253,26,Female,Semi-Urban,Evening,3,2,4,5,4,2,5
254,59,Male,Urban,Evening,5,5,3,2,5,3,4
255,50,Female,Semi-Urban,Morning,4,3,5,5,5,4,3
256,57,Female,Urban,Night,4,2,3,4,5,5,5
257,39,Female,Semi-Urban,Morning,3,5,2,3,4,2,5
258,29,Male,Urban,Morning,4,2,5,4,3,5,5
259,22,Male,Urban,Evening,2,4,5,5,4,4,2
260,53,Female,Urban,Evening,3,2,5,2,5,5,5
261,59,Male,Suburban,Afternoon,4,2,5,2,5,2,5
262,38,Male,Urban,Evening,5,5,4,2,4,2,2
263,58,Female,Urban,Evening,4,5,5,5,5,4,3
264,19,Male,Semi-Urban,Morning,3,4,3,2,3,2,4
265,33,Female,Suburban,Evening,3,5,4,1,4,5,5
266,45,Female,Suburban,Evening,3,2,4,1,5,3,5
267,33,Male,Urban,Night,4,4,4,3,5,2,3
268,42,Male,Urban,Morning,4,4,4,2,5,5,5
269,21,Female,Suburban,Morning,3,4,5,1,4,5,5
270,29,Male,Urban,Evening,2,3,2,4,4,3,2
271,31,Female,Urban,Afternoon,4,2,2,5,5,2,4
272,36,Male,Semi-Urban,Evening,3,2,4,5,3,3,2
273,49,Male,Urban,Night,3,4,5,3,5,3,3
274,48,Male,Suburban,Evening,5,2,5,1,5,4,5
275,49,Female,Suburban,Morning,5,2,5,1,5,3,5
276,42,Female,Urban,Night,5,2,5,3,5,4,4
277,42,Female,Urban,Night,5,4,5,2,5,2,4
278,42,Female,Urban,Morning,5,3,5,4,3,3,5
279,44,Male,Semi-Urban,Evening,5,3,5,4,5,5,3
280,23,Female,Urban,Afternoon,3,5,3,4,5,2,4
281,38,Male,Urban,Night,5,2,3,3,5,2,3
282,19,Male,Urban,Evening,3,3,3,5,4,3,2
283,50,Male,Urban,Evening,3,3,3,4,5,5,5
284,29,Male,Urban,Evening,3,3,3,3,3,4,4
285,55,Female,Urban,Evening,5,4,4,5,5,4,3
286,25,Female,Semi-Urban,Afternoon,2,2,4,2,3,5,3
287,26,Female,Suburban,Evening,5,5,4,4,5,4,4
288,53,Male,Urban,Afternoon,2,5,5,3,5,5,5
289,57,Female,Urban,Morning,4,3,4,5,5,3,3
290,52,Female,Urban,Afternoon,5,4,4,3,5,5,5
291,57,Female,Semi-Urban,Morning,2,4,4,4,5,3,5
292,23,Male,Urban,Night,4,2,3,4,5,4,2
293,32,Male,Semi-Urban,Night,4,5,5,2,4,3,5
294,51,Female,Urban,Evening,5,5,4,3,5,3,5
295,37,Male,Semi-Urban,Evening,3,3,3,4,3,4,3
296,30,Female,Urban,Night,5,2,3,2,5,5,4
297,31,Female,Urban,Afternoon,4,3,3,2,4,2,4
298,48,Male,Urban,Afternoon,4,5,5,3,4,4,5
299,30,Male,Urban,Morning,2,3,2,3,5,3,4
300,52,Male,Semi-Urban,Morning,3,4,5,4,3,2,4
301,48,Female,Suburban,Afternoon,4,4,3,2,4,4,5
302,56,Male,Urban,Afternoon,5,3,4,2,3,2,3
303,23,Female,Semi-Urban,Afternoon,2,2,5,4,5,5,4
304,37,Female,Suburban,Afternoon,5,5,5,4,5,3,5
305,32,Male,Suburban,Afternoon,4,3,2,2,5,4,3
306,54,Male,Urban,Afternoon,3,3,5,3,5,4,3
307,47,Male,Suburban,Evening,2,2,4,3,3,5,4
308,45,Female,Suburban,Night,5,2,3,1,5,5,5
309,34,Male,Semi-Urban,Evening,3,4,5,2,3,4,2
310,30,Female,Urban,Afternoon,2,2,4,3,5,5,2
311,43,Male,Semi-Urban,Evening,3,4,5,5,3,2,3
312,40,Male,Semi-Urban,Afternoon,5,4,3,3,5,3,4
313,55,Female,Semi-Urban,Afternoon,4,3,4,2,5,4,5
314,44,Male,Semi-Urban,Evening,5,2,5,2,5,5,5
315,31,Male,Semi-Urban,Afternoon,3,4,4,3,5,2,2
316,56,Female,Urban,Afternoon,5,5,4,5,4,5,3
317,35,Male,Semi-Urban,Afternoon,4,3,4,4,4,5,5
318,39,Male,Urban,Morning,2,2,5,3,5,2,5
319,34,Male,Urban,Morning,4,3,2,5,5,3,2
320,38,Female,Urban,Evening,5,4,3,3,4,4,5
321,18,Male,Urban,Evening,4,2,2,4,4,3,3
322,26,Male,Urban,Evening,3,4,4,3,5,2,5
323,26,Male,Urban,Night,4,2,2,2,4,2,3
324,35,Male,Semi-Urban,Night,5,2,2,2,4,2,4
325,59,Female,Suburban,Night,5,5,5,1,5,3,5
326,36,Male,Urban,Night,4,4,5,2,5,4,4
327,30,Female,Urban,Morning,2,3,4,2,5,2,5
328,36,Male,Semi-Urban,Night,5,5,4,2,5,5,4
329,41,Female,Urban,Morning,2,4,5,5,5,2,4
330,51,Male,Urban,Afternoon,4,2,5,4,5,5,5
331,35,Male,Urban,Afternoon,5,5,5,5,3,3,3
332,21,Female,Urban,Night,5,5,2,5,5,2,2
333,55,Male,Urban,Afternoon,2,2,3,3,4,5,3
334,55,Female,Urban,Afternoon,4,5,4,2,5,5,5
335,39,Male,Urban,Afternoon,2,2,2,4,5,3,2
336,52,Male,Urban,Afternoon,4,4,3,5,5,3,4
337,42,Female,Urban,Afternoon,3,4,5,5,4,2,4
338,55,Male,Semi-Urban,Evening,3,3,5,4,4,3,3
339,38,Female,Urban,Evening,4,2,4,4,5,5,2
340,50,Male,Semi-Urban,Morning,3,4,4,2,4,5,5
341,59,Female,Semi-Urban,Morning,3,5,3,5,5,4,5
342,46,Male,Semi-Urban,Night,3,4,5,2,5,2,3
343,54,Female,Suburban,Morning,5,4,5,2,5,2,5
344,59,Female,Suburban,Afternoon,3,4,5,4,5,3,5
345,36,Female,Urban,Afternoon,3,3,3,2,4,2,2
346,50,Female,Suburban,Afternoon,3,4,5,4,5,4,5
347,22,Female,Urban,Night,4,3,3,3,5,3,3
348,45,Female,Urban,Night,3,4,4,3,5,2,5
349,28,Female,Urban,Morning,3,5,3,3,5,3,5
350,24,Male,Urban,Night,4,5,3,4,5,2,5
351,45,Male,Urban,Morning,4,5,3,2,5,4,5
352,31,Male,Semi-Urban,Night,5,5,4,4,5,4,4
353,37,Male,Urban,Morning,2,2,2,3,4,4,4
354,36,Female,Semi-Urban,Evening,3,3,2,4,5,3,2
355,43,Female,Urban,Afternoon,5,3,5,3,5,5,4
356,55,Female,Urban,Night,4,2,5,2,5,4,5
357,48,Female,Semi-Urban,Night,5,3,4,2,5,5,4
358,22,Female,Suburban,Night,5,4,3,2,4,3,5
359,58,Female,Suburban,Morning,4,5,4,2,4,3,5
360,45,Male,Urban,Afternoon,5,5,5,3,5,5,3
361,29,Female,Urban,Evening,5,4,2,3,4,5,5
362,23,Male,Urban,Night,3,2,2,4,5,5,3
363,53,Male,Semi-Urban,Evening,2,2,5,4,5,2,4
364,19,Male,Semi-Urban,Morning,5,2,2,2,3,3,3
365,34,Female,Semi-Urban,Night,5,2,4,4,5,5,4
366,35,Female,Urban,Morning,5,4,4,5,5,4,3
367,25,Female,Semi-Urban,Afternoon,4,4,2,4,3,5,2
368,42,Female,Semi-Urban,Night,5,5,5,4,5,5,4
369,32,Male,Urban,Evening,4,5,3,5,3,5,3
370,34,Female,Urban,Morning,5,4,5,2,5,2,3
371,37,Female,Suburban,Afternoon,5,5,5,4,4,2,5
372,37,Male,Suburban,Morning,5,2,5,1,4,3,5
373,31,Male,Semi-Urban,Evening,2,3,2,3,5,5,4
374,40,Male,Suburban,Afternoon,2,4,3,3,5,2,5
375,34,Female,Urban,Night,3,2,4,3,5,2,2
376,20,Male,Urban,Evening,3,4,2,4,4,2,2
377,31,Female,Urban,Morning,5,3,5,4,3,3,3
378,24,Male,Urban,Evening,5,5,2,4,4,2,2
379,47,Female,Urban,Night,4,5,4,3,5,5,5
380,42,Female,Semi-Urban,Evening,2,5,5,3,5,5,4
381,34,Male,Urban,Night,5,3,2,2,4,3,3
382,29,Female,Urban,Evening,4,4,2,5,4,5,2
383,41,Female,Urban,Evening,3,3,4,5,4,4,4
384,53,Male,Urban,Afternoon,5,4,5,5,4,4,4
385,40,Male,Suburban,Evening,2,4,3,2,5,3,5
386,56,Female,Suburban,Evening,5,4,5,3,4,2,5
387,48,Female,Semi-Urban,Afternoon,4,2,5,3,3,2,5
388,27,Male,Urban,Morning,5,3,3,5,5,4,4
389,26,Male,Urban,Afternoon,2,2,3,4,4,2,5
390,19,Female,Urban,Afternoon,4,5,2,2,5,5,5
391,43,Female,Urban,Morning,3,4,3,4,4,3,5
392,18,Male,Urban,Morning,3,2,2,3,4,5,2
393,33,Female,Urban,Morning,5,4,2,3,5,5,5
394,59,Female,Urban,Afternoon,5,5,5,3,4,5,5
395,25,Male,Semi-Urban,Evening,5,2,3,3,4,3,4
396,24,Female,Urban,Night,4,5,3,2,5,3,2
397,27,Male,Urban,Afternoon,5,4,3,4,4,2,5
398,38,Male,Urban,Afternoon,4,4,4,5,5,3,3
399,56,Male,Urban,Evening,2,2,5,4,4,4,5
400,38,Female,Urban,Afternoon,4,2,5,2,5,3,5
401,49,Male,Semi-Urban,Afternoon,4,4,5,2,5,3,5
402,39,Female,Semi-Urban,Afternoon,4,5,5,5,3,4,3
403,54,Female,Urban,Evening,4,4,5,3,3,3,5
404,55,Female,Urban,Morning,3,2,5,3,4,3,3
405,29,Male,Semi-Urban,Evening,3,5,3,2,5,5,4
406,31,Male,Urban,Morning,4,5,2,3,4,3,4
407,59,Male,Urban,Night,4,2,3,2,5,2,3
408,41,Female,Suburban,Night,5,3,4,1,4,3,5
409,43,Female,Urban,Evening,4,4,5,2,5,2,5
410,59,Male,Suburban,Morning,5,3,4,2,5,5,5
411,25,Male,Urban,Night,5,2,5,3,5,3,2
412,43,Female,Urban,Afternoon,3,4,3,4,5,4,3
413,28,Female,Suburban,Morning,5,3,2,2,3,3,3
414,51,Male,Urban,Night,4,4,4,3,5,4,5
415,26,Male,Suburban,Afternoon,3,3,2,3,3,2,4
416,52,Female,Semi-Urban,Evening,2,2,4,5,4,2,4
417,42,Male,Urban,Evening,4,2,5,5,5,4,3
418,52,Female,Urban,Evening,5,5,4,4,5,5,5
419,30,Male,Urban,Evening,3,5,4,3,5,4,2
420,39,Female,Urban,Night,5,2,2,2,5,2,4
421,43,Female,Urban,Night,4,5,3,5,5,2,4
422,21,Male,Suburban,Night,4,3,5,1,5,4,5
423,27,Male,Semi-Urban,Afternoon,3,5,2,3,5,3,5
424,59,Male,Semi-Urban,Morning,4,3,5,4,4,4,5
425,20,Female,Urban,Evening,3,5,3,5,5,2,2
426,56,Male,Urban,Night,5,5,5,3,5,2,5
427,56,Female,Urban,Afternoon,4,4,3,3,5,5,4
428,50,Male,Semi-Urban,Morning,4,5,4,2,3,3,4
429,32,Female,Semi-Urban,Evening,5,4,4,5,3,2,2
430,43,Female,Semi-Urban,Morning,5,4,5,5,5,4,4
431,18,Male,Semi-Urban,Night,4,3,5,4,5,4,5
432,42,Female,Urban,Evening,3,3,5,5,5,2,5
433,47,Male,Urban,Afternoon,5,3,5,5,5,2,3
434,42,Female,Semi-Urban,Evening,5,2,5,3,3,5,5
435,29,Female,Urban,Morning,5,4,4,4,5,4,3
436,38,Male,Suburban,Night,5,2,4,2,5,4,4
437,36,Male,Semi-Urban,Night,5,5,3,2,5,2,5
438,22,Female,Urban,Morning,3,4,5,4,3,2,4
439,19,Male,Suburban,Night,5,5,2,1,4,5,3
440,47,Male,Urban,Night,5,2,4,4,4,5,5
441,36,Female,Urban,Afternoon,5,5,5,4,5,5,3
442,59,Female,Urban,Night,5,4,5,5,4,4,4
443,21,Female,Suburban,Night,4,4,5,1,5,4,5
444,32,Male,Suburban,Evening,2,5,3,4,5,3,3
445,39,Male,Urban,Night,3,3,5,4,5,2,5
446,55,Male,Urban,Afternoon,5,5,4,4,5,5,4
447,29,Female,Urban,Afternoon,4,4,4,5,4,5,2
448,26,Male,Urban,Afternoon,4,2,3,3,4,3,4
449,35,Female,Urban,Evening,5,3,3,5,5,5,4
450,32,Female,Urban,Afternoon,5,5,4,5,5,5,4
451,39,Male,Urban,Morning,2,2,5,3,5,4,2
452,51,Male,Urban,Evening,4,3,3,3,5,3,5
453,28,Female,Urban,Morning,4,2,4,2,5,2,4
454,18,Female,Urban,Night,5,2,5,3,5,3,4
455,32,Male,Urban,Afternoon,3,5,3,5,4,2,5
456,42,Female,Urban,Evening,5,2,5,3,5,3,3
457,48,Female,Urban,Morning,3,2,3,5,5,3,4
458,30,Male,Urban,Night,5,2,4,2,5,5,2
459,19,Male,Semi-Urban,Morning,5,2,2,3,5,4,4
460,20,Female,Urban,Evening,3,2,2,5,5,5,2
461,41,Female,Urban,Morning,5,3,3,5,5,5,4
462,56,Female,Urban,Evening,3,2,5,3,5,5,5
463,19,Male,Urban,Evening,3,2,2,5,5,3,4
464,29,Male,Urban,Afternoon,5,3,2,4,4,3,2
465,44,Male,Urban,Night,3,5,5,2,4,5,5
466,55,Male,Urban,Afternoon,4,5,3,2,3,3,3
467,21,Male,Urban,Evening,3,4,4,5,4,3,3
468,33,Female,Semi-Urban,Evening,5,4,5,5,5,5,2
469,36,Female,Urban,Afternoon,3,4,2,3,4,4,4
470,23,Male,Urban,Morning,4,4,2,5,5,5,2
471,44,Male,Urban,Night,5,2,5,3,5,4,4
472,48,Male,Urban,Morning,5,5,5,5,5,3,5
473,30,Female,Urban,Afternoon,3,2,4,3,5,4,3
474,19,Male,Semi-Urban,Evening,3,2,5,4,5,3,2
475,48,Male,Semi-Urban,Evening,2,5,4,3,5,3,3
476,50,Male,Urban,Morning,3,2,5,3,5,4,4
477,32,Female,Semi-Urban,Evening,5,2,3,5,3,4,5
478,37,Female,Urban,Afternoon,5,3,4,3,4,4,2
479,25,Male,Urban,Evening,4,5,4,5,5,4,4
480,26,Female,Semi-Urban,Night,3,4,3,4,5,3,3
481,44,Female,Urban,Afternoon,4,5,3,5,5,4,5
482,34,Female,Semi-Urban,Evening,5,4,4,3,5,2,3
483,36,Female,Semi-Urban,Morning,5,2,3,4,5,4,4
484,43,Female,Urban,Afternoon,5,5,4,3,5,3,3
485,38,Female,Urban,Evening,2,2,5,5,5,4,2
486,55,Male,Urban,Afternoon,5,3,5,4,5,3,3
487,35,Female,Semi-Urban,Night,5,2,3,4,5,2,2
488,23,Female,Urban,Night,5,4,5,5,5,4,5
489,30,Male,Semi-Urban,Evening,4,3,4,3,4,2,3
490,34,Female,Urban,Afternoon,4,4,4,3,5,4,3
491,55,Female,Suburban,Afternoon,5,4,4,3,5,2,4
492,34,Male,Semi-Urban,Evening,5,5,3,3,5,2,3
493,19,Female,Urban,Evening,4,3,2,5,5,5,5
494,41,Male,Urban,Morning,4,2,4,5,4,5,4
495,55,Female,Urban,Evening,4,5,3,2,5,2,5
496,38,Female,Suburban,Evening,3,4,4,3,3,2,5
497,45,Male,Urban,Night,3,3,3,2,4,5,5
498,49,Male,Urban,Evening,2,3,4,2,5,5,3
499,46,Female,Urban,Evening,4,3,4,3,5,5,5
500,29,Male,Urban,Evening,5,3,5,3,4,4,4
501,50,Female,Semi-Urban,Night,3,3,4,4,5,4,3
502,22,Male,Semi-Urban,Afternoon,3,3,2,3,4,2,5
503,47,Female,Urban,Night,5,5,4,4,5,2,4
504,25,Male,Semi-Urban,Morning,4,4,2,4,5,5,4
505,27,Male,Urban,Afternoon,4,4,2,2,5,5,5
506,55,Female,Suburban,Morning,3,3,4,4,5,4,5
507,24,Female,Suburban,Morning,5,2,3,3,3,3,4
508,22,Male,Urban,Morning,3,3,5,5,5,4,3
509,37,Female,Urban,Morning,4,5,2,5,5,4,4
510,29,Male,Urban,Morning,2,3,2,5,4,3,5
511,40,Male,Urban,Night,3,2,3,2,4,3,5
512,59,Male,Semi-Urban,Night,4,2,5,3,5,2,5
513,20,Female,Semi-Urban,Afternoon,5,4,4,5,4,5,2
514,33,Male,Urban,Morning,3,4,2,4,4,5,2
515,59,Female,Suburban,Evening,3,2,4,2,5,3,5
516,48,Female,Urban,Afternoon,4,2,5,4,3,3,5
517,24,Female,Urban,Morning,5,4,5,4,4,3,5
518,42,Female,Urban,Night,5,2,4,4,4,5,5
519,31,Male,Suburban,Evening,4,4,2,4,3,5,4
520,48,Male,Urban,Evening,2,2,4,2,4,3,3
521,54,Female,Urban,Afternoon,5,5,5,5,5,5,5
522,42,Female,Urban,Night,5,3,5,4,5,4,3
523,31,Male,Urban,Night,3,3,2,4,4,5,3
524,44,Female,Urban,Night,5,3,5,3,5,4,5
525,33,Male,Suburban,Night,3,4,3,2,4,2,4
526,20,Female,Semi-Urban,Afternoon,3,2,4,2,4,3,2
527,32,Male,Suburban,Evening,2,2,5,4,3,3,4
528,33,Male,Urban,Evening,4,4,3,3,4,5,4
529,29,Female,Urban,Evening,4,2,2,3,5,3,2
530,21,Male,Urban,Afternoon,5,5,5,5,5,5,3
531,58,Female,Urban,Evening,4,4,5,5,5,2,5
532,26,Female,Semi-Urban,Afternoon,3,2,4,4,4,3,3
533,49,Female,Urban,Morning,5,3,3,5,5,4,5
534,58,Male,Suburban,Morning,4,5,5,3,3,4,4
535,58,Female,Urban,Evening,2,3,5,3,5,4,5
536,45,Female,Urban,Afternoon,3,4,4,5,5,4,5
537,51,Male,Semi-Urban,Night,3,4,5,4,5,4,5
538,59,Male,Urban,Morning,2,2,5,5,5,5,5
539,52,Female,Suburban,Afternoon,4,5,5,1,5,2,5
540,48,Male,Urban,Afternoon,5,2,3,2,5,2,3
541,40,Male,Urban,Night,4,4,5,3,5,4,2
542,29,Male,Urban,Afternoon,2,2,4,5,3,5,3
543,18,Male,Urban,Night,5,2,3,3,5,5,4
544,39,Female,Suburban,Afternoon,3,4,5,1,5,3,4
545,54,Male,Urban,Afternoon,5,3,5,2,5,5,5
546,22,Male,Urban,Evening,2,5,5,3,4,5,4
547,19,Female,Urban,Morning,5,2,2,5,4,5,3
548,41,Female,Semi-Urban,Night,5,3,5,2,5,2,3
549,40,Male,Semi-Urban,Morning,3,3,2,5,4,4,4
550,30,Female,Urban,Morning,2,3,2,2,5,5,4
551,34,Male,Urban,Afternoon,4,4,4,2,5,3,4
552,54,Female,Urban,Afternoon,5,4,5,3,5,5,5
553,31,Male,Urban,Morning,4,2,3,5,3,3,2
554,50,Female,Semi-Urban,Morning,2,5,5,5,5,3,5
555,40,Male,Semi-Urban,Afternoon,4,2,2,5,3,4,2
556,40,Female,Suburban,Night,5,2,3,1,5,3,3
557,58,Male,Semi-Urban,Afternoon,3,5,3,5,3,2,4
558,23,Male,Urban,Evening,4,3,5,5,4,3,2
559,45,Male,Urban,Morning,3,3,5,4,5,5,5
560,58,Male,Suburban,Evening,3,5,3,4,5,4,5
561,53,Female,Suburban,Afternoon,3,4,3,3,5,3,5
562,52,Male,Suburban,Night,4,5,5,2,4,3,5
563,59,Female,Suburban,Afternoon,3,3,5,2,3,2,4
564,45,Male,Urban,Evening,4,2,5,3,3,3,4
565,49,Male,Semi-Urban,Morning,5,2,5,4,3,3,3
566,18,Female,Suburban,Evening,5,5,5,4,3,3,5
567,32,Male,Urban,Evening,2,3,2,5,5,5,3
568,37,Female,Urban,Morning,4,5,2,5,4,3,4
569,44,Female,Urban,Evening,5,3,3,2,5,2,3
570,57,Male,Semi-Urban,Night,5,2,5,2,5,2,5
571,30,Female,Urban,Evening,5,3,5,2,5,4,2
572,56,Male,Semi-Urban,Morning,3,3,3,4,5,2,5
573,23,Female,Urban,Afternoon,2,2,4,4,5,4,4
574,51,Male,Urban,Night,3,5,3,3,5,4,5
575,30,Male,Urban,Night,4,3,4,3,5,5,5
576,40,Female,Semi-Urban,Evening,3,3,5,2,5,3,3
577,19,Female,Urban,Afternoon,4,4,3,5,5,4,4
578,44,Female,Semi-Urban,Night,5,5,5,2,5,3,5
579,22,Female,Urban,Evening,5,5,2,4,5,2,4
580,43,Female,Urban,Evening,2,3,5,5,5,3,5
581,28,Female,Urban,Evening,3,3,3,4,4,5,3
582,46,Female,Semi-Urban,Night,3,4,4,2,5,3,5
583,33,Male,Urban,Evening,2,3,4,3,3,3,4
584,24,Female,Suburban,Afternoon,3,5,2,1,5,4,5
585,48,Male,Semi-Urban,Morning,5,3,3,4,3,3,4
586,59,Female,Urban,Evening,4,3,5,2,5,5,5
587,40,Male,Semi-Urban,Evening,3,5,2,4,4,5,2
588,46,Male,Urban,Evening,2,3,3,2,5,2,5
589,26,Male,Semi-Urban,Afternoon,3,3,4,3,5,2,2
590,44,Female,Urban,Evening,3,2,3,3,4,2,3
591,54,Female,Urban,Morning,5,2,5,5,4,5,5
592,19,Female,Semi-Urban,Evening,3,3,4,2,5,4,2
593,21,Female,Urban,Night,4,3,5,3,5,2,4
594,26,Male,Urban,Evening,4,3,3,5,4,2,5
595,38,Male,Urban,Afternoon,4,4,4,3,5,4,3
596,54,Male,Urban,Night,5,3,3,5,5,5,3
597,35,Female,Suburban,Morning,4,2,3,4,5,5,3
598,56,Female,Semi-Urban,Afternoon,3,3,4,4,5,3,5
599,30,Female,Semi-Urban,Evening,3,4,3,3,5,5,2
600,57,Male,Semi-Urban,Morning,2,2,5,4,3,3,5
601,43,Male,Urban,Morning,3,4,5,4,5,2,5
602,30,Female,Urban,Night,4,3,2,5,5,2,3
603,25,Male,Urban,Evening,3,3,4,5,3,2,5
604,48,Female,Semi-Urban,Evening,5,3,5,4,5,3,5
605,28,Female,Urban,Night,5,3,2,3,4,3,3
606,34,Female,Urban,Morning,3,2,2,5,5,3,3
607,56,Male,Urban,Evening,4,3,5,5,3,3,3
608,29,Female,Urban,Morning,2,3,5,3,3,4,4
609,43,Female,Urban,Afternoon,3,4,3,4,5,5,5
610,25,Female,Urban,Afternoon,4,4,4,5,4,5,2
611,49,Male,Semi-Urban,Night,5,3,5,2,5,5,4
612,42,Female,Semi-Urban,Evening,3,2,4,3,5,5,5
613,43,Female,Semi-Urban,Night,4,5,5,2,4,5,5
614,50,Female,Urban,Evening,3,5,4,5,5,4,5
615,44,Female,Urban,Afternoon,5,3,5,3,5,3,4
616,19,Female,Urban,Evening,5,3,2,5,5,4,3
617,50,Male,Urban,Night,5,5,4,4,5,4,5
618,53,Male,Urban,Morning,4,3,5,2,4,5,5
619,18,Female,Semi-Urban,Evening,4,2,3,3,5,5,3
620,44,Female,Urban,Evening,5,2,4,3,5,4,5
621,37,Female,Urban,Evening,4,5,5,5,5,5,4
622,48,Male,Semi-Urban,Morning,2,2,5,4,3,3,5
623,48,Female,Urban,Night,4,3,5,2,5,3,5
624,45,Female,Semi-Urban,Night,5,5,4,2,4,3,5
625,25,Female,Urban,Morning,5,2,3,2,5,5,3
626,31,Male,Urban,Morning,3,3,2,3,5,4,4
627,22,Male,Suburban,Night,3,4,2,1,5,3,3
628,24,Male,Semi-Urban,Evening,4,2,3,4,4,5,5
629,38,Female,Semi-Urban,Afternoon,3,4,5,4,5,2,5
630,57,Female,Semi-Urban,Afternoon,3,4,4,2,5,4,5
631,25,Male,Suburban,Night,5,4,4,1,4,2,3
632,50,Male,Semi-Urban,Morning,4,5,5,3,4,4,3
633,43,Female,Urban,Morning,4,3,5,4,5,2,5
634,45,Male,Urban,Night,5,4,3,5,5,2,5
635,39,Female,Semi-Urban,Afternoon,5,2,2,3,4,3,5
636,57,Female,Semi-Urban,Morning,5,5,5,2,5,4,5
637,18,Female,Semi-Urban,Morning,5,2,3,4,5,5,2
638,37,Female,Urban,Morning,5,4,5,5,5,4,5
639,28,Female,Semi-Urban,Night,4,3,4,4,5,2,3
640,54,Female,Semi-Urban,Afternoon,5,3,5,3,5,5,5
641,49,Female,Semi-Urban,Morning,2,4,3,4,5,3,4
642,44,Female,Urban,Night,5,5,5,3,5,3,5
643,53,Female,Urban,Afternoon,2,2,5,2,5,4,5
644,38,Male,Suburban,Evening,5,3,2,2,3,2,3
645,44,Female,Suburban,Morning,5,4,4,1,4,3,5
646,18,Male,Semi-Urban,Evening,2,4,5,4,3,3,4
647,47,Female,Suburban,Evening,5,2,5,2,3,2,5
648,38,Male,Suburban,Morning,2,2,4,3,3,4,5
649,27,Female,Urban,Afternoon,5,4,4,3,5,3,4
650,40,Female,Semi-Urban,Evening,5,2,5,4,3,4,2
651,31,Male,Urban,Evening,2,3,5,5,4,3,3
652,37,Female,Semi-Urban,Evening,4,4,5,2,5,2,2
653,57,Female,Semi-Urban,Evening,3,3,3,3,5,4,4
654,33,Female,Urban,Afternoon,5,4,3,5,5,5,4
655,21,Male,Urban,Morning,4,4,2,4,5,4,2
656,20,Female,Semi-Urban,Morning,4,4,4,4,5,5,3
657,31,Female,Urban,Morning,5,4,4,5,5,3,5
658,27,Male,Urban,Evening,2,5,4,4,4,5,3
659,47,Female,Urban,Morning,5,4,5,4,5,4,5
660,48,Male,Suburban,Morning,3,2,4,3,3,3,5
661,44,Male,Urban,Morning,5,5,4,5,5,3,3
662,42,Male,Urban,Night,3,4,5,2,5,3,5
663,22,Female,Suburban,Night,5,2,4,1,5,5,5
664,27,Female,Urban,Evening,5,2,5,5,5,3,4
665,36,Male,Urban,Night,5,4,4,4,4,5,5
666,19,Female,Urban,Evening,5,5,5,4,5,5,3
667,34,Male,Urban,Night,5,3,5,3,5,5,4
668,19,Female,Semi-Urban,Afternoon,2,2,5,3,3,3,2
669,41,Male,Urban,Afternoon,5,3,5,3,5,5,5
670,24,Male,Urban,Night,5,4,3,5,5,5,2
671,35,Male,Urban,Afternoon,3,5,5,4,5,4,4
672,35,Female,Urban,Morning,3,5,5,5,5,3,3
673,47,Female,Urban,Morning,5,4,3,5,4,3,4
674,43,Male,Semi-Urban,Evening,3,2,5,3,3,4,4
675,23,Male,Semi-Urban,Night,5,4,5,2,4,2,3
676,45,Male,Semi-Urban,Night,5,5,5,2,5,5,3
677,24,Female,Urban,Night,5,2,5,4,5,3,3
678,49,Male,Urban,Morning,5,3,5,4,4,2,5
679,57,Male,Semi-Urban,Evening,2,2,5,3,4,5,4
680,56,Female,Urban,Evening,2,3,3,4,5,5,5
681,26,Female,Urban,Evening,4,3,4,3,5,3,5
682,33,Female,Semi-Urban,Afternoon,5,2,4,3,5,4,3
683,57,Female,Semi-Urban,Evening,3,5,3,5,5,5,5
684,22,Female,Urban,Night,3,2,2,4,5,5,3
685,40,Female,Semi-Urban,Night,5,3,3,4,4,4,2
686,55,Male,Urban,Night,5,2,4,4,5,2,5
687,42,Female,Semi-Urban,Night,5,4,4,4,5,4,5
688,20,Female,Urban,Morning,4,4,3,5,5,4,5
689,57,Female,Urban,Evening,3,3,5,2,5,5,4
690,20,Female,Semi-Urban,Afternoon,5,3,4,4,5,2,4
691,41,Male,Suburban,Morning,2,2,3,4,5,4,4
692,41,Male,Urban,Night,5,4,3,2,5,2,4
693,53,Female,Suburban,Night,4,3,4,1,4,3,5
694,42,Female,Suburban,Night,4,3,4,1,5,5,5
695,22,Male,Urban,Afternoon,4,2,5,2,5,2,3
696,25,Female,Urban,Afternoon,4,2,5,3,5,3,2
697,22,Male,Semi-Urban,Night,5,5,5,3,5,4,2
698,48,Male,Urban,Afternoon,5,2,4,3,4,5,5
699,22,Female,Urban,Afternoon,4,3,5,5,4,4,3
700,55,Male,Urban,Night,3,4,3,3,5,5,4
701,31,Female,Suburban,Night,5,5,5,3,4,5,5
702,24,Female,Semi-Urban,Morning,5,3,4,3,4,5,4
703,26,Male,Urban,Night,3,3,5,2,5,3,3
704,35,Female,Urban,Morning,4,3,2,4,5,5,4
705,55,Male,Semi-Urban,Evening,4,3,5,5,5,4,5
706,54,Female,Urban,Afternoon,4,5,3,3,4,2,5
707,56,Male,Semi-Urban,Evening,3,5,5,5,5,3,4
708,24,Female,Semi-Urban,Evening,5,5,4,2,5,2,4
709,19,Male,Semi-Urban,Morning,3,2,3,2,5,5,3
710,47,Male,Semi-Urban,Evening,4,3,4,2,5,3,5
711,54,Male,Semi-Urban,Evening,2,3,5,2,5,4,3
712,25,Male,Urban,Night,5,2,3,3,5,3,5
713,24,Male,Suburban,Afternoon,3,4,2,3,3,4,5
714,24,Female,Suburban,Evening,2,4,4,2,5,4,5
715,18,Female,Semi-Urban,Afternoon,3,5,2,3,5,4,5
716,24,Female,Suburban,Night,5,3,5,1,4,2,4
717,37,Female,Urban,Afternoon,2,2,2,4,5,4,3
718,30,Male,Suburban,Afternoon,5,4,4,2,3,3,3
719,41,Female,Urban,Morning,3,3,5,2,4,3,5
720,32,Female,Urban,Evening,5,4,5,2,5,4,3
721,46,Female,Urban,Morning,2,5,3,4,3,4,5
722,44,Male,Suburban,Afternoon,2,3,4,3,5,3,5
723,28,Female,Suburban,Night,4,4,2,2,5,3,5
724,41,Male,Semi-Urban,Evening,3,4,5,4,4,4,3
725,35,Female,Suburban,Morning,5,3,4,1,5,3,5
726,45,Female,Semi-Urban,Evening,3,3,4,2,5,3,4
727,51,Female,Urban,Morning,5,3,4,3,4,2,5
728,52,Male,Urban,Night,5,5,4,3,5,4,5
729,30,Male,Semi-Urban,Night,5,2,2,3,5,3,5
730,30,Male,Urban,Night,3,5,4,2,5,5,3
731,22,Male,Urban,Afternoon,2,5,5,5,5,5,4
732,28,Female,Urban,Morning,2,3,3,5,5,3,2
733,55,Male,Urban,Morning,5,4,3,5,5,4,5
734,29,Male,Urban,Afternoon,3,4,3,3,5,5,2
735,25,Female,Semi-Urban,Evening,3,3,5,3,3,4,4
736,50,Female,Urban,Evening,4,5,5,3,5,5,5
737,56,Male,Urban,Morning,5,3,4,3,4,2,3
738,27,Female,Urban,Evening,4,4,2,2,5,4,2
739,37,Male,Suburban,Evening,2,4,2,3,3,3,4
740,19,Female,Semi-Urban,Afternoon,4,5,5,3,4,2,2
741,36,Female,Urban,Afternoon,3,3,2,4,5,4,4
742,36,Female,Urban,Morning,5,4,3,3,5,4,2
743,32,Male,Urban,Night,5,3,4,4,5,4,2
744,37,Female,Urban,Morning,5,5,5,2,3,2,2
745,22,Male,Urban,Night,5,4,3,3,5,4,4
746,34,Male,Urban,Afternoon,2,2,5,2,3,3,4
747,50,Male,Urban,Night,3,3,5,3,5,4,5
748,20,Male,Urban,Morning,3,3,3,4,5,3,3
749,51,Female,Urban,Night,3,2,5,2,5,5,4
750,54,Male,Urban,Afternoon,5,2,3,5,4,5,3
751,21,Male,Urban,Morning,5,3,5,5,3,3,5
752,43,Female,Suburban,Afternoon,4,4,5,4,5,4,5
753,21,Male,Urban,Evening,4,3,2,3,5,5,4
754,51,Male,Urban,Night,4,3,5,2,5,3,5
755,48,Male,Urban,Evening,5,4,3,4,3,2,4
756,37,Female,Suburban,Night,5,5,5,1,5,2,3
757,59,Male,Semi-Urban,Night,4,3,4,2,5,3,5
758,29,Male,Semi-Urban,Night,5,5,3,3,5,2,5
759,35,Male,Urban,Morning,3,2,5,5,4,5,4
760,41,Female,Semi-Urban,Morning,4,2,3,3,5,5,3
761,28,Male,Semi-Urban,Evening,2,4,4,4,4,2,3
762,23,Male,Urban,Morning,4,4,5,5,5,5,2
763,43,Male,Suburban,Evening,4,3,3,1,3,4,5
764,19,Female,Semi-Urban,Morning,5,3,2,5,4,3,5
765,39,Male,Urban,Evening,3,4,5,4,3,2,2
766,30,Female,Urban,Evening,4,2,5,5,4,2,2
767,19,Female,Urban,Evening,3,2,4,4,5,3,3
768,52,Female,Urban,Evening,5,3,5,2,5,5,5
769,19,Male,Urban,Evening,4,5,5,5,3,5,4
770,50,Female,Urban,Afternoon,4,2,4,2,4,4,4
771,57,Female,Urban,Night,3,4,5,3,5,4,3
772,22,Male,Urban,Night,5,2,3,2,5,2,2
773,43,Female,Suburban,Afternoon,2,3,3,4,5,4,5
774,55,Male,Urban,Morning,5,2,4,3,5,4,4
775,21,Male,Urban,Morning,3,4,2,4,3,3,5
776,32,Female,Urban,Afternoon,3,5,3,5,5,2,3
777,57,Female,Semi-Urban,Afternoon,4,5,3,5,4,4,5
778,50,Female,Urban,Afternoon,3,4,5,5,5,4,3
779,18,Male,Semi-Urban,Evening,2,2,5,5,5,4,4
780,56,Female,Suburban,Afternoon,5,3,4,1,4,4,5
781,18,Male,Semi-Urban,Evening,2,4,4,2,3,3,3
782,18,Female,Semi-Urban,Night,4,4,5,4,5,5,4
783,23,Male,Semi-Urban,Night,5,5,2,3,4,5,5
784,34,Female,Semi-Urban,Morning,5,2,3,3,4,5,4
785,43,Female,Urban,Evening,4,5,5,4,5,4,4
786,30,Male,Suburban,Morning,2,5,4,1,4,2,5
787,25,Female,Urban,Night,5,3,4,4,5,4,2
788,58,Male,Urban,Evening,3,2,5,5,3,2,3
789,59,Male,Urban,Morning,5,2,3,4,5,2,5
790,43,Female,Semi-Urban,Night,5,2,5,4,5,3,3
791,29,Male,Urban,Morning,4,4,5,3,5,2,2
792,58,Male,Semi-Urban,Morning,3,2,5,4,4,4,5
793,37,Male,Semi-Urban,Morning,4,2,4,2,5,5,2
794,39,Male,Urban,Evening,3,2,2,3,3,4,4
795,29,Female,Suburban,Night,5,3,5,3,5,5,4
796,43,Female,Semi-Urban,Morning,2,3,5,4,5,3,5
797,56,Female,Suburban,Afternoon,5,5,5,4,4,2,5
798,35,Male,Urban,Evening,4,2,3,3,4,2,2
799,41,Female,Semi-Urban,Afternoon,3,2,5,3,5,5,5
800,36,Female,Urban,Evening,3,5,2,4,4,5,4
801,54,Male,Urban,Evening,2,5,3,5,5,2,4
802,36,Male,Urban,Evening,4,5,2,3,4,2,3
803,23,Female,Suburban,Morning,3,2,4,1,3,4,4
804,36,Male,Urban,Morning,3,4,3,3,3,2,5
805,49,Male,Urban,Afternoon,3,4,5,4,5,5,4
806,57,Female,Semi-Urban,Morning,3,2,4,3,5,5,5
807,50,Male,Urban,Night,5,5,3,2,5,5,5
808,41,Male,Urban,Morning,3,3,5,3,4,3,4
809,38,Male,Urban,Morning,2,4,3,5,5,2,5
810,50,Male,Urban,Morning,2,5,3,2,4,2,3
811,59,Female,Urban,Evening,3,5,5,5,4,3,4
812,47,Male,Urban,Morning,5,3,4,4,5,5,4
813,19,Female,Semi-Urban,Evening,5,3,5,5,5,3,3
814,30,Male,Urban,Night,5,4,5,4,5,4,4
815,34,Female,Urban,Night,5,3,3,2,5,3,5
816,24,Female,Semi-Urban,Morning,4,2,3,4,5,4,4
817,54,Male,Semi-Urban,Evening,5,2,5,5,5,4,4
818,59,Male,Semi-Urban,Morning,3,2,4,4,4,2,3
819,58,Female,Urban,Night,5,2,5,3,5,2,5
820,23,Female,Urban,Afternoon,4,5,2,2,3,3,4
821,53,Male,Suburban,Morning,3,5,5,4,5,2,5
822,39,Female,Urban,Afternoon,4,3,3,5,3,3,5
823,29,Female,Suburban,Night,5,3,4,1,5,4,5
824,19,Male,Semi-Urban,Afternoon,3,3,4,5,3,2,4
825,59,Female,Semi-Urban,Afternoon,4,3,3,4,5,5,5
826,44,Male,Urban,Evening,3,4,5,5,5,4,5
827,58,Female,Urban,Evening,4,5,3,5,5,3,4
828,40,Male,Urban,Afternoon,4,2,5,2,3,5,3
829,54,Male,Urban,Afternoon,4,3,3,5,3,4,5
830,27,Male,Suburban,Afternoon,4,5,4,4,5,2,5
831,32,Female,Urban,Night,5,2,2,3,4,2,4
832,46,Female,Semi-Urban,Evening,5,5,4,4,4,2,3
833,40,Female,Urban,Afternoon,5,4,2,5,3,4,2
834,31,Female,Urban,Morning,4,2,4,3,4,2,3
835,29,Female,Semi-Urban,Morning,5,5,3,5,5,2,4
836,21,Male,Urban,Morning,3,3,2,5,5,5,4
837,22,Female,Semi-Urban,Morning,2,2,2,5,5,5,3
838,50,Female,Urban,Night,5,3,4,5,5,3,5
839,34,Male,Urban,Morning,2,2,5,3,4,5,3
840,19,Male,Urban,Morning,5,3,3,5,4,5,2
841,25,Male,Urban,Night,5,3,3,3,5,3,4
842,30,Female,Urban,Night,5,2,3,3,5,5,2
843,37,Female,Urban,Morning,4,2,2,4,4,5,5
844,29,Male,Semi-Urban,Night,5,5,5,3,5,3,4
845,28,Female,Semi-Urban,Evening,3,4,3,2,5,5,5
846,52,Female,Semi-Urban,Evening,4,3,5,4,3,4,4
847,47,Male,Urban,Morning,2,4,5,5,4,2,5
848,47,Male,Urban,Evening,4,2,5,5,5,3,5
849,24,Female,Urban,Night,5,5,5,4,5,2,5
850,32,Female,Urban,Morning,4,5,2,2,5,2,3
851,51,Female,Urban,Evening,3,3,5,3,5,3,5
852,36,Female,Urban,Night,5,4,3,2,5,2,4
853,55,Male,Urban,Afternoon,3,4,5,5,3,4,5
854,29,Female,Urban,Morning,5,3,4,2,5,4,5
855,36,Male,Semi-Urban,Morning,4,4,4,3,5,5,2
856,55,Female,Semi-Urban,Afternoon,3,2,5,2,5,5,5
857,40,Male,Urban,Night,3,5,4,5,4,3,5
858,21,Female,Urban,Afternoon,5,5,5,5,5,2,5
859,39,Male,Urban,Morning,3,5,2,3,5,5,5
860,32,Female,Urban,Evening,3,4,3,3,5,3,5
861,58,Male,Urban,Morning,4,2,3,2,3,4,5
862,43,Female,Urban,Afternoon,5,2,4,5,4,3,3
863,34,Female,Suburban,Morning,4,4,3,2,4,4,4
864,53,Female,Semi-Urban,Evening,4,3,5,2,3,4,5
865,47,Female,Suburban,Night,5,3,5,1,5,3,5
866,55,Male,Urban,Evening,3,4,5,4,4,4,4
867,53,Female,Semi-Urban,Morning,3,5,3,4,4,5,5
868,50,Male,Urban,Night,3,5,5,2,5,2,5
869,53,Male,Urban,Evening,3,2,5,4,3,3,3
870,27,Male,Semi-Urban,Evening,5,2,4,2,5,3,5
871,22,Female,Urban,Evening,3,5,4,3,4,5,5
872,43,Male,Urban,Afternoon,5,4,5,3,4,3,5
873,29,Female,Semi-Urban,Morning,5,5,5,3,5,2,3
874,24,Female,Urban,Evening,5,3,5,5,4,3,3
875,36,Male,Urban,Evening,3,2,5,4,4,4,3
876,26,Male,Semi-Urban,Afternoon,4,4,5,2,4,4,3
877,18,Male,Suburban,Evening,2,3,4,3,4,3,4
878,31,Female,Urban,Afternoon,5,4,2,5,5,3,3
879,43,Male,Urban,Afternoon,5,4,5,2,4,3,5
880,20,Female,Urban,Evening,5,3,5,5,3,2,2
881,59,Male,Suburban,Night,3,4,4,2,4,4,5
882,56,Male,Urban,Morning,2,3,4,4,4,2,5
883,56,Female,Urban,Night,3,3,4,3,4,3,5
884,36,Male,Urban,Evening,5,3,4,2,5,4,4
885,30,Male,Urban,Night,5,2,2,3,5,5,5
886,34,Male,Urban,Evening,5,5,2,5,5,5,3
887,51,Male,Urban,Night,5,3,4,2,5,2,5
888,44,Male,Urban,Evening,3,5,5,5,4,3,5
889,56,Female,Semi-Urban,Afternoon,5,3,5,2,5,2,3
890,41,Female,Semi-Urban,Evening,5,4,5,4,4,3,5
891,28,Female,Urban,Morning,2,4,3,3,4,4,3
892,38,Male,Urban,Night,3,3,3,3,5,2,3
893,35,Male,Semi-Urban,Night,5,4,5,2,5,5,4
894,24,Female,Semi-Urban,Evening,2,2,2,5,4,2,5
895,26,Female,Semi-Urban,Afternoon,3,2,2,5,5,4,5
896,55,Female,Urban,Afternoon,5,5,5,4,3,4,5
897,49,Male,Urban,Evening,2,4,3,5,5,4,5
898,54,Male,Urban,Night,3,4,5,3,5,5,3
899,57,Female,Urban,Night,5,3,3,4,5,5,5
900,19,Male,Urban,Afternoon,2,3,3,4,5,3,2
901,43,Male,Urban,Evening,3,3,3,4,5,3,5
902,51,Male,Urban,Evening,5,4,5,5,5,3,3
903,57,Female,Semi-Urban,Evening,4,4,5,5,5,2,5
904,37,Female,Suburban,Morning,2,3,4,3,3,3,5
905,31,Female,Urban,Evening,2,3,4,5,5,3,3
906,39,Female,Urban,Evening,5,5,2,2,5,5,3
907,37,Male,Suburban,Morning,3,2,5,2,3,3,5
908,37,Female,Urban,Evening,4,4,5,5,5,4,4
909,26,Male,Urban,Evening,5,3,5,5,4,5,5
910,58,Female,Urban,Night,5,5,5,4,4,5,5
911,53,Female,Urban,Night,5,4,5,2,5,3,3
912,37,Male,Suburban,Night,3,5,5,1,5,4,4
913,57,Male,Suburban,Night,5,5,5,1,5,3,5
914,41,Male,Urban,Evening,3,4,4,3,5,3,3
915,48,Male,Urban,Evening,5,2,4,4,5,2,4
916,55,Female,Urban,Night,5,3,3,2,5,4,5
917,52,Female,Semi-Urban,Evening,3,4,5,5,5,5,3
918,57,Female,Semi-Urban,Night,4,4,4,4,4,3,3
919,36,Female,Urban,Evening,3,3,2,5,5,2,3
920,33,Female,Semi-Urban,Night,4,2,3,2,5,2,5
921,22,Female,Suburban,Afternoon,5,5,5,4,5,4,5
922,21,Female,Urban,Night,3,3,5,4,5,2,4
923,49,Male,Suburban,Morning,5,4,5,3,5,3,5
924,31,Female,Suburban,Evening,4,2,2,4,5,4,4
925,44,Male,Suburban,Evening,3,4,5,4,3,5,5
926,37,Female,Urban,Evening,5,3,2,3,5,5,2
927,56,Female,Urban,Morning,4,2,4,4,5,5,5
928,23,Male,Semi-Urban,Afternoon,2,5,3,3,5,4,4
929,23,Female,Urban,Night,4,2,3,2,5,4,3
930,25,Male,Semi-Urban,Evening,3,2,2,4,4,5,5
931,32,Male,Semi-Urban,Afternoon,5,5,3,4,5,3,3
932,48,Female,Urban,Morning,2,5,3,4,5,3,5
933,31,Male,Urban,Night,5,3,4,3,5,5,4
934,48,Male,Suburban,Evening,5,3,5,2,5,3,5
935,32,Female,Urban,Afternoon,5,3,5,2,5,5,3
936,20,Female,Urban,Afternoon,4,3,4,3,5,5,3
937,27,Male,Urban,Evening,4,5,3,3,5,5,2
938,31,Female,Urban,Morning,3,2,3,5,4,5,5
939,33,Male,Semi-Urban,Morning,3,4,4,4,3,5,5
940,44,Female,Urban,Morning,5,4,3,5,5,4,3
941,52,Female,Semi-Urban,Morning,5,3,5,3,5,3,4
942,26,Male,Urban,Afternoon,4,3,2,5,4,3,4
943,39,Female,Semi-Urban,Night,5,3,2,2,5,3,3
944,44,Male,Urban,Morning,4,5,5,5,5,5,3
945,37,Female,Urban,Evening,4,4,3,5,5,4,3
946,33,Female,Urban,Night,5,2,2,5,5,5,2
947,34,Female,Urban,Afternoon,5,3,2,4,5,5,2
948,31,Female,Urban,Night,5,4,4,3,5,3,3
949,21,Female,Urban,Morning,3,2,2,4,5,5,2
950,34,Female,Urban,Evening,4,4,5,3,5,4,4
951,33,Male,Urban,Evening,2,3,5,3,3,3,4
952,42,Male,Urban,Morning,5,2,4,4,5,3,3
953,33,Male,Semi-Urban,Evening,2,3,4,3,5,5,2
954,18,Male,Urban,Evening,2,4,5,5,5,5,2
955,44,Male,Semi-Urban,Night,4,3,3,2,5,5,5
956,56,Female,Urban,Afternoon,3,4,5,4,5,5,5
957,44,Male,Semi-Urban,Afternoon,4,2,5,3,4,4,5
958,43,Male,Urban,Night,3,4,4,2,5,2,5
959,53,Male,Semi-Urban,Morning,2,4,4,4,4,3,5
960,59,Female,Urban,Evening,3,2,3,3,5,3,4
961,39,Male,Urban,Morning,3,3,4,5,4,5,4
962,28,Male,Urban,Morning,5,4,2,3,5,5,4
963,31,Male,Urban,Evening,5,5,2,4,5,3,5
964,54,Male,Urban,Morning,2,4,5,4,4,5,3
965,34,Male,Urban,Afternoon,3,4,2,4,5,5,5
966,51,Male,Urban,Evening,4,3,5,4,5,2,5
967,26,Male,Semi-Urban,Morning,2,4,3,4,4,3,2
968,37,Male,Semi-Urban,Morning,3,4,5,4,4,5,5
969,44,Male,Urban,Afternoon,4,4,5,3,5,3,3
970,35,Male,Urban,Night,5,3,4,4,5,2,2
971,23,Male,Urban,Afternoon,3,3,3,3,3,5,3
972,29,Female,Suburban,Afternoon,4,2,3,4,4,3,3
973,22,Male,Semi-Urban,Morning,3,3,2,2,3,3,5
974,21,Female,Suburban,Evening,3,3,2,4,4,4,4
975,18,Female,Urban,Afternoon,5,3,4,3,5,3,4
976,24,Female,Suburban,Evening,5,5,4,2,5,5,5
977,53,Male,Suburban,Evening,4,3,5,4,4,4,5
978,36,Male,Urban,Morning,4,3,4,3,5,2,3
979,38,Female,Semi-Urban,Evening,3,2,2,3,3,4,5
980,30,Male,Urban,Morning,3,4,3,4,5,3,5
981,33,Male,Urban,Afternoon,5,4,5,4,4,4,4
982,55,Female,Suburban,Morning,5,5,5,1,5,2,5
983,36,Male,Semi-Urban,Morning,3,4,2,2,5,5,2
984,46,Female,Urban,Morning,3,5,4,5,3,3,5
985,47,Male,Semi-Urban,Afternoon,5,3,5,4,4,4,5
986,37,Male,Urban,Morning,5,3,3,4,5,2,3
987,51,Female,Semi-Urban,Morning,4,3,5,4,5,4,5
988,41,Male,Urban,Evening,2,5,4,5,5,3,5
989,32,Male,Urban,Night,3,4,2,4,5,2,2
990,19,Male,Semi-Urban,Afternoon,4,5,2,3,5,4,3
991,44,Male,Urban,Morning,3,2,5,4,5,2,5
992,20,Female,Semi-Urban,Morning,2,5,3,2,4,2,4
993,48,Male,Urban,Afternoon,3,2,5,5,5,4,5
994,50,Female,Urban,Evening,3,3,4,5,5,5,3
995,46,Male,Urban,Morning,3,3,4,2,4,3,5
996,34,Male,Urban,Evening,2,5,5,3,4,5,2
997,48,Male,Suburban,Night,5,3,3,3,5,5,5
998,36,Female,Suburban,Morning,5,5,5,3,5,4,3
999,34,Female,Semi-Urban,Afternoon,3,5,4,5,4,2,4
1000,57,Female,Semi-Urban,Afternoon,4,5,4,4,3,4,5
